{
  "hash": "28b6ebfaee2a82f5b5db4af29084160d",
  "result": {
    "engine": "knitr",
    "markdown": "---\ntitle: Temporal and spatial variations of PM2 and PM10 concentrations in Mongolia\nauthor:\n  - name: Erdenebayar Munkhtsetseg \n    orcid: 0000-0001-9775-1924\n    corresponding: false\n    email: e.munkhtsetseg@yahoo.com\n    roles:\n      - Investigation\n      - Project administration\n      - Software\n      - Visualization\n    affiliations:\n      - National University of Mongolia (NUM), Mongolia\n      - Kanazawa University, Japan\n  - name: Atsushi Shimizu\n    orcid: 0000-0000-0000-0000\n    corresponding: true\n    email: shimizua@nies.go.jp\n    roles: \n      - Editing\n      - Revising\n    affiliations:\n      - National Institute for Environmental Studies (NIES), Japan\nkeywords:\n  - particulate matters\n  - concentrations of PM10 and PM2.5\nabstract: |\n  PM2.5 and PM10 data for the 4 distinct sites of Mongolia from 2008 to 2020 is found .... ...\nplain-language-summary: |\n  PM2.5 and PM10 data for the 4 distinct sites of Mongolia from 2008 to 2020 is found ...\nkey-points:\n  - ...\n  - ...\ndate: last-modified\nbibliography: references.bib\ncitation:\n  container-title: Earth and Space Science\nnumber-sections: true\n---\n\n\n## Data & Methods {#sec-data-methods}\n\n{{< embed notebooks/01_datawork.qmd >}}\n\n\n\n## Introduction\n\n\n::: {.cell}\n\n```{.r .cell-code .hidden}\neruptions <- c(1492, 1585, 1646, 1677, 1712, 1949, 1971, 2021)\nn_eruptions <- length(eruptions)\n```\n:::\n\n::: {#cell-fig-timeline .cell}\n\n```{.r .cell-code .hidden}\npar(mar = c(3, 1, 1, 1) + 0.1)\nplot(eruptions, rep(0, n_eruptions), \n  pch = \"|\", axes = FALSE)\naxis(1)\nbox()\n```\n\n::: {.cell-output-display}\n![Timeline of recent earthquakes on La Palma](index_files/figure-html/fig-timeline-1.png){#fig-timeline fig-alt='An event plot of the years of the last 8 eruptions on La Palma.' width=576}\n:::\n:::\n\n::: {.cell}\n\n```{.r .cell-code .hidden}\navg_years_between_eruptions <- mean(diff(eruptions[-n_eruptions]))\navg_years_between_eruptions\n```\n\n::: {.cell-output .cell-output-stdout .hidden}\n\n```\n[1] 79.83333\n```\n\n\n:::\n:::\n\n\n\nBased on data up to and including 1971, eruptions on La Palma happen every 79.8 years on average.\n\nStudies of the magma systems feeding the volcano, such as @marrero2019, have proposed that there are two main magma reservoirs feeding the Cumbre Vieja volcano; one in the mantle (30-40km depth) which charges and in turn feeds a shallower crustal reservoir (10-20km depth).\n\n\nEight eruptions have been recorded since the late 1400s (@fig-timeline).\n\nData and methods are discussed in @sec-data-methods.\n\nLet $x$ denote the number of eruptions in a year. Then, $x$ can be modeled by a Poisson distribution\n\n$$\np(x) = \\frac{e^{-\\lambda} \\lambda^{x}}{x !}\n$$ {#eq-poisson}\n\nwhere $\\lambda$ is the rate of eruptions per year. Using @eq-poisson, the probability of an eruption in the next $t$ years can be calculated.\n\n| Name                | Year |\n|---------------------|------|\n| Current             | 2021 |\n| Teneguía            | 1971 |\n| Nambroque           | 1949 |\n| El Charco           | 1712 |\n| Volcán San Antonio  | 1677 |\n| Volcán San Martin   | 1646 |\n| Tajuya near El Paso | 1585 |\n| Montaña Quemada     | 1492 |\n\n: Recent historic eruptions on La Palma {#tbl-history}\n\n@tbl-history summarises the eruptions recorded since the colonization of the islands by Europeans in the late 1400s.\n\n![Map of La Palma](images/la-palma-map.png){#fig-map}\n\nLa Palma is one of the west most islands in the Volcanic Archipelago of the Canary Islands (@fig-map).\n\n\n{{< embed notebooks/explore-earthquakes.qmd#fig-spatial-plot >}}\n\n\nkk\n\n{{< embed notebooks/01-earthquakes.qmd >}}\n\n\n\n\n@fig-spatial-plot shows the location of recent Earthquakes on La Palma.\n\n\n## Results {#sec-results}\n\n## Discussion {#sec-discussion}\n\n## Conclusions {#sec-conclusions}\n\n## References {.unnumbered}\n\n::: {#refs}\n:::\n",
    "supporting": [
      "index_files"
    ],
    "filters": [
      "rmarkdown/pagebreak.lua"
    ],
    "includes": {},
    "engineDependencies": {},
    "preserve": {},
    "postProcess": true
  }
}